variable,coef_standardized_years_per_sd
gdp_log,3.3563527285427326
share_below_6_85,-2.0200343117806394
MCV1,0.7567675408933723
health_spending_pct_gdp,0.5667559088489682
DTP3,0.537468798828791
